"","ID","Type","WhoAssignedType","Parent1Type","Parent1Gender","Parent1Occupation","Parent2Type","Parent2Gender","Parent2Occupation","PartnerMeeting","PartnerType","PartnerGender","PartnerOther","PartnerOccupation","PartnerAge","PartnerYearsKnown","PartnerYearsDating","PartnerMarried","PartnerCohabitate","NumKids","KidsTypes","Age","GenderAssigned","GenderIdentity","GenderIOther","Attraction","IQ","Zodiac","Degree","Religion","PoliticalParty","PoliticalIdeals","Profession","ProfessionalExperience","Hobbies","AnomalyGood","AnomolyBad","PerformanceMath","PerformanceScience","ComfortMath","ClassesExcelled","ClassesEnjoyed","ClassesWishful","ClassesDidntTake","Disorders","DisorderDiagnosis","DisorderOther","AnxietyAttackFrequency","LegalAgreement","StartTime","EndTime","NetworkID","Sexuality","Orientation"
"1","1c92c073e00808531507a57b1f26e051","INTP","Self","ISFJ","Female","secretary","ISFP","Male","autonomous","",NA,"","","",NA,NA,NA,NA,NA,NA,NA,30,"Male","Male","","E0",160,NA,"bachelor","Christian","Anarchocapitalist","None(apolitical)","Developer","Developer","Going out with friends, TV shows, reading","writting","talking",10,8,10,"Math","History, Math","chemistry","physics","depression","Medical","",7,1,"2017-04-04 19:27:19","2017-04-04 19:44:23","660913ed97","Primary Sexuality","0"
"2","54ab8bc5ed750380379180e93d3db33d","INTP","Online Test","ISFJ","Female","homemaker","ENFP","Male","parts manager at car dealership","camping","ENTJ","Male","","executive ",36,13,12,1,1,2,NA,30,"Female","Female","",NA,NA,"taurus","bachelors of science","Christian","Republican Party","republican","homemaker","graphic arts","reading, researching, playing video games","being a decent parent","focusing on...just about anything.",7,7,7,"language arts, computer science/technology","computer science","science","japanese ","anxiety","Self","",5,1,"2017-04-04 19:35:36","2017-04-04 19:45:33","4d666d9ca8",NA,NA
"3","e443c2af287f9b5a4a878315e8fc616f","INTP","Therapist","INFJ","Female","realtor","ISTP","Male","realtor","Matched by mutual friends","ISTJ","Female","","equestrian",41,5,5,1,1,0,NA,45,"Male","Male","","E4",130,"leo","MFA","Atheist","Democratic Party","Progressive","Art","Art","Travel, Photography, video games","Baking","Math",2,6,0,"Art, Music, Geography","Geometry, Physics, Biology, Art, Music","History, Literature","Filmmaking",NA,NA,"none",1,1,"2017-04-04 19:34:14","2017-04-04 19:46:28","e840740111","Primary Sexuality","4"
"4","432d4ae5780ba0a7526ec804cf5e89a2","INTP","Online Test","ESFJ","Female","linguistics","ESTJ","Male","engineer","",NA,"","","",NA,NA,NA,NA,NA,NA,NA,20,"Female","Female","","D0",132,"sagittarius","Biochemistry","Christian","Democratic Party","Democrat","","","Reading, traveling, swimming","Remember details","Dancing",10,10,8,"Math","Power Point, Excel, etc.","History","Redaction","Anxiety, depression","Medical","",8,1,"2017-04-04 19:40:45","2017-04-04 19:47:37","03bbe84a9e","Secondary Sexuality","0"
"5","a522bd8602ddd96fe441938c35ab15dc","INTP","Self","INTJ","Female","school psychologist","ESTP","Male","auto mechanic","School","ISTP","Male","","software technical support and maintenance",23,35,3,0,0,0,NA,25,"Female","Female","","D0",NA,"virgo","Major in Graphic Design, minor in Music","Christian","Republican Party","Libertarian primarily, and a toss up of the other two for second. I register with what I feel I can make the most difference in primaries in.","Design and marketing","Design and Marketing","Exercise, hiking, reading","Talking to new people","Talking to casual acquaintances ",7,8,5,"Literature, psychology, anything that wasn't science or math was as easy as pie.","Science, Literature, Design","Music Theory - had a bad prof.","Theatre, German, Spanish","None",NA,"",5,1,"2017-04-04 19:39:05","2017-04-04 19:47:55","13c72150c8","Secondary Sexuality","0"
"6","9632137842e575e0b0e6c66d28b7bb5f","INTP","Therapist","INFJ","Female","housewife","ESTJ","Male","driver","I was charmed","ISTJ","Female","","textile worker",48,35,25,1,1,1,"ESTJ",51,"Male","Male","",NA,159,NA,"n/a","Christian","","","Entrepreneur in trade","philosophy, woodworking","fantasy, fishing, dog training","","",8,5,6,"all technical and language","all technical and language","","it","None",NA,"",0,1,"2017-04-04 19:33:56","2017-04-04 20:00:44","ab674f06c0",NA,NA
"7","14014a07b8edb7bcf0049118a73cf12a","INTP","Online Test","ENFJ","Female","administrative support","ISTJ","Male","economist","tinder","INTJ","Male","","medical manager",35,3,3,0,0,NA,NA,31,"Female","Female","",NA,124,"cancer","bachelor","Atheist","none","none","hr and business development","energy","learning and reading and museums","i like the strategy to the business development dutties","maintain friendships, people somehow perceives aggressive when i jist want yo know more :(",3,5,7,"english","english","math and physics","applied math","borderline","Self","",5,1,"2017-04-04 19:51:14","2017-04-04 20:06:04","1cd52ee1a1",NA,NA
"8","0e505d46a351c4fb8a7bada5e20b6e6a","INTP","Online Test","INTJ","Female","graphic designer and professional writer/copy editor","ENTP","Male","it admin/musician","Internet","INTP","Intersex","","caretaker",25,3,3,0,0,0,NA,21,"Female","Both","","C3",NA,"pisces","Associate of Arts (Bachelor in progress)","eclectic pagan","Democratic Party","Independent","Graphic artist/illustrator/copy editor","Art","Creating art, reading, listening to music","Maintaining an objective perspective and serving as a ""translator"" between people who will not/can not understand each other's perspectives otherwise.","It seems that INTPs are usually great with data, but I'm completely awful with numbers. It's a total blind spot. ",2,8,1,"Art, English, Psychology, Band, Geography, Biology (honestly I got As in everything except algebra, honors world history, and sociology)","Art, psychology, biology, English, band","History. I retained absolutely nothing.","German I and II and anatomy.","Anxiety, depression","Self","",5,1,"2017-04-04 19:53:00","2017-04-04 20:11:47","6f6adf5f5c","Tertiary Sexuality","3"
"9","6de855e75a8cbb9f1b9e4c69ebbb7033","INTP","Authority","ISTP","Female","interpreter","INFP","Male","deceased ","Mutual friends","ESTJ","Male","","security ",37,16,16,1,1,2,NA,36,"Female","Female","","E0",117,"leo","Music therapy","Christian","Republican Party","Conservative ","Art","Art","Reading, metalsmithing, researching","Yoga","Math",0,10,3,"Language, lit analysis, music, art","History","Math","Latin, design, quantum physics ","Anxiety, depression ","Medical","",6,1,"2017-04-04 20:11:12","2017-04-04 20:21:18","67de903067","Primary Sexuality","0"
"10","b894409a5c2dedcf7661b12b4aa0f5d0","INTP","Self","","","","INTP","Male","truck driver","",NA,"","","",NA,NA,NA,NA,NA,NA,NA,24,"Female","Neither","",NA,129,"pisces","Bachelor of Arts","Atheist","","B√ºndnis 90/Gr√ºn (Green Party in Germany)","Education ","Education ","Playing flute, theater, watching TV shows","Noticing details","Teaching",9,5,9,"Music, maths","Biochemistry","Biochemistry, physics","Psychology ","Depression with self harm, agoraphobia, ednos","Therapist","",5,1,"2017-04-04 20:14:40","2017-04-04 20:21:54","8ddbefae56",NA,NA
"11","5c380c708d3cde246b68a3791d2abf86","INTP","Online Test","ISFP","Female","housewife","ISTJ","Male","unemployed","",NA,"","","",NA,NA,NA,NA,NA,NA,NA,19,"Female","Neither","","B3",NA,"taurus","N/A","Atheist","Democratic Party","Libertarian","","","Reading, Playing video games, Watching informative videos on Youtube","Thinking rationally while having an emotional breakdown","Coming up with good-enough answers to questions quickly",6,9,6,"Computer Science","Physics","Math","Geology","None",NA,"N/A",4,1,"2017-04-04 20:16:17","2017-04-04 20:29:37","2e61f1ce03","Romantic Asexuality","3"
"12","9928b5b368d9bd490b04b07cae8310d0","INTP","Online Test","ISFJ","Male","cleaner","ENFJ","Male","it support","",NA,"","","",NA,NA,NA,NA,NA,NA,NA,26,"Male","Male","",NA,NA,"capricorn","Bachelor of Arts","Atheist","Australian Greens","Democrats","Music Teacher","Music ","Travel, video games and movies","Art and music","Maths",3,9,2,"English, Music, Art, History","English, Art, Music, History ","","","Depression, Anxiety","Therapist","",2,1,"2017-04-04 20:26:32","2017-04-04 20:35:16","2ada0ce417",NA,NA
"13","cbffb5e9d8af3ddcf4a76ad7e713b656","INTP","Online Test","ESFJ","Female","stay at home mother","ISFP","Male","travel agent","We are both teachers at same school","ISFP","Male","","teacher",50,13,1,1,1,3,NA,45,"Female","Female","","D1",NA,"libra","Dip.ed","Christian","Democratic Party","Greens","Education","Education","Reading, gardening, craft","Nothing","Sports",7,7,8,"All classes except French ","All classes","German","Art","None",NA,"",5,1,"2017-04-04 20:20:11","2017-04-04 20:41:18","f673aef389","Secondary Sexuality","1"
"14","36bfde5570f3d6d3c4ab21a47e10452e","INTP","Online Test","ISFJ","Female","homemaker","ESFJ","Male","pilot","Dance camp","INFJ","Male","","programmer",25,3,3,0,0,0,NA,33,"Female","Female","","D2",NA,"aquarius","M.A.","Christian","Democratic Party","Democrat","Computer programming","Religion & education","Dancing, reading, travel","Creating a feeling of safety so others let down their guard and speak freely. ","Making large, difficult decisions. ",7,7,7,"Foreign/Ancient languages","Foreign/Ancient languages","Sciences","Business/finance",NA,NA,"",6,1,"2017-04-04 20:24:43","2017-04-04 20:44:30","9e0d70b8d5","Secondary Sexuality","2"
"15","484efcbe05ef19bd01c05b8a75da484a","INTP","Online Test","ISTF","Female","medical admin","ESTP","Male","carpenter","",NA,"","","",NA,NA,NA,NA,NA,NA,NA,44,"Female","Female","","E0",NA,"taurus","licenced","Christian","Republican Party","","massage therapy","massage therapy","computer, music, baking","","",9,9,8,"","math","","auto mechanics, carpentry","",NA,"",0,1,"2017-04-04 20:43:50","2017-04-04 20:52:42","b508757c62","Primary Sexuality","0"
"16","d551c3279434adcb0a5fd42346febb04","INTP","Self","ESFJ","Female","was a child welfare worker, but recently quit","ISTP","Male","works in food stamps","",NA,"","","",NA,NA,NA,0,0,NA,NA,17,"Female","Female","","D1",NA,"gemini","N/A","Atheist","not registered","Libertarian","","","Learning, reading, xylophone","Playing xylophone","Making friends",7,6,6,"Spanish, Math","Spanish","History","Computer Science (my school has this class, but it only teaches typing üôÅ)","",NA,"N/A",0,1,"2017-04-04 20:41:16","2017-04-04 20:53:40","04b6fda17a","Secondary Sexuality","1"
"17","dbc8e49af70b7986590a339e0615b809","INTP","Authority","ISFJ","Female","retired primary teacher ","ENTJ","Male","missionary/chaplain","Working at Toys R Us","ISFJ","Male","","parole and probation officer",46,27,26,1,1,2,NA,48,"Female","Female","","C0",137,"virgo","M.Ed.","Christian","Republican Party","Independent ","Education leadership ","Education ","Learning, connecting people, teaching ","Adaptability ","Being kind to my family ",6,7,5,"Language Arts, English, technology ","Logic","Ever single one ","Coaching (life)","ADD, Depression ","Therapist","",0,1,"2017-04-04 20:45:11","2017-04-04 20:54:47","ca1c5961d8","Tertiary Sexuality","0"
"18","1a1f0111657e4f7e4454e9a46dc8a67d","INTP","Self","ISFJ","","home of the elderly","","Male","carpenter","",NA,"","","",NA,NA,NA,NA,NA,NA,NA,24,"Male","Male","","E1",125,"waterman","Computer Engineering","Atheist","I live in Sweden","More left than right","Computer Science","","Computer, friends, thinking","I dont know whats an anomaly to myself","i have ADD",7,6,8,"Programming","Electronics","Math","Molecular Biology","ADHD/ADD","Therapist","",2,1,"2017-04-04 20:46:54","2017-04-04 20:56:43","7b0be0fc01","Primary Sexuality","1"
"19","35651416a0142d6b16efd1f9461d9083","INTP","Authority","INTP","Female","retired","ENTJ","Male","retired","at a gig","ESFP","Female","","housing manager",49,25,25,1,1,1,"ESTP",53,"Male","Male","","E1",NA,"aries","post grad diploma","Atheist","none","green","it","it","woodwork, playing  guitar, smoking weed","?","?",8,8,7,"maths, english, physics","maths","french","car maintenance","depression","Medical","",1,1,"2017-04-04 20:48:31","2017-04-04 20:59:04","6b31edff86","Primary Sexuality","1"
"20","d44abcf90a155ab14994a8eaa82133ac","INTP","Online Test","","Female","social worker","","Male","engineer","Tinder",NA,"Female","","consultant",29,0,0,0,0,NA,NA,35,"Male","Male","","D1",NA,"virgo","Bachelor of Science in Technology","Atheist","Green","Green","teaching","teaching","coaching, tv, physical training","","",8,7,8,"mathematics","psychology","","","",NA,"",1,1,"2017-04-04 20:17:40","2017-04-04 21:00:46","bb4d872f58","Secondary Sexuality","1"
"21","3deb7f6db11a7660ea9594ef096fbcef","INTP","Therapist","INFP","Female","dancer","ISTJ","Male","computer engineering ","Computer Game","INTJ","Male","","information systems",41,15,15,1,1,1,NA,43,"Female","Female","","D1",128,"aquarius","Associates in Animation Art and Design","Christian","Republican Party","Fiscally Conservative. Socially Moderate","Artist","Artis","reading, knitting, playing a musical instrument","teaching skills to others","Juggling",10,10,8,"All of them","Art, Science, History","In college, copyright legality issues class, I don't remember thr specific name of the class, but it was about copyright law and working artists","None, both my high school and my higher education schools had a really good selection of courses","Generalized Anxiety Disorder","Medical","",5,1,"2017-04-04 20:37:38","2017-04-04 21:01:12","9cdeeb03f0","Secondary Sexuality","1"
"22","7462782403c047b6847cd4f08d75f25e","INTP","Online Test","INFP","Female","housewife","ISTJ","Male","programmer","Knew of each other from church, got to know each other at school as TAs for the same class.","INTJ","Male","","math ta",25,4,4,1,1,0,NA,25,"Female","Female","",NA,NA,"aries","Bachelor of Science","Christian","","Libertarian","Astronomy","Astronomy","Reading, playing sudoku and computer games, listening to music","Remembering birthdays","Understanding accents",10,7,5,"Astronomy classes in college; Latin in high school (no astronomy class in HS)","Astronomy, Latin, band","Programming classes","Band and Latin (in college; had them in HS); other language classes, linguistics, sciences other than my major/minor fields","None",NA,"",1,1,"2017-04-04 20:12:32","2017-04-04 21:02:36","776376b036",NA,NA
"23","368987e39c88894f0f26d96db738a39f","INTP","Online Test","ISFP","Female","unemployed ","ISTP","Male","landscaping ","Work place/friends (he was a customer at the Starbucks I worked at, and friends with my coworkers)","INTJ","Male","","terminal operator at oil terminal",35,14,13,1,1,3,NA,33,"Female","Neither","","D3",134,"gemini","In progrees","Atheist","Democratic Party","Democratic socialism","Homemaker","Retail","Reading, thinking, swimming","Drawing","Social anything",5,9,6,"English, sciences, German ","German, science, history","Math","Global history","Social anxiety ","Self","",7,1,"2017-04-04 19:38:03","2017-04-04 21:04:26","73d30c3823","Secondary Sexuality","3"
"24","4bd42fa76176c032809e58f69dfa7aa5","INTP","Online Test","","Male","","","","","middle school","INTJ","Male","","mechanic",26,8,4,1,1,1,NA,26,"Female","Female","",NA,NA,NA,"Music Education","Christian","non voter","none","stay at home mom","Teaching","Reading, being with friends, creating a craft or art","im very good at creatively problem solving","interpreting my emotions",8,10,1,"Reading ","Art and Music","I always paid attention","Wood shop","postpartum depression","Therapist","",5,1,"2017-04-04 21:01:52","2017-04-04 21:08:49","d9328c3ea6",NA,NA
"25","0739e91f5600e19bd77de5e3c468826e","INTP","Self","ISFJ","Female","social worker","ENTJ","Male","nightclub owner","grocery store","ENTJ","Male","","truck driver",38,22,22,0,1,3,NA,37,"Female","Female","","D1",NA,"scorpio","business mgmt","Agnostic","no","no","arts","childcare","listening to music, walking, drawing or writing","connecting with people","judging character",10,10,8,"all of them except history","math and art","history","chemistry","Unspecified","Self","",6,1,"2017-04-04 20:54:50","2017-04-04 21:12:21","c0226ef081","Secondary Sexuality","1"
"26","ffa6cdda13da4b176a5990c55605637e","INTP","Self","ESTP","Female","travel agent","INFJ","Male","engineer","Social dancing","INTJ","Male","","software engineer ",28,3,2,0,0,0,NA,33,"Female","Female","","D0",NA,"taurus","BA","Christian","Democratic Party","Libertarian?","Medical ","Public health/medicine ","Dancing, traveling, studying","Fashion","Higher education ",7,6,7,"Foreign language","Foreign language, math","Computer programming ","Computer programming in high school","Depression, anxiety(general), eating disorder, social anxiety","Medical","",2,1,"2017-04-04 21:04:22","2017-04-04 21:13:59","fa1c36170a","Secondary Sexuality","0"
"27","67b706206a64a877549fa15a2fe93854","ENTP","Therapist","ISFJ","Female","housewife","ENTJ","Male","plant manager","We met in a Bookstore","ENTJ","Male","","attorney",62,32,2,1,0,1,"INTJ",60,"Female","Female","","EO",135,"scorpio","MS, Information Science","Buddhist","Democratic Party","Green","Librarian","Libraries","Reading, chilling with my dogs, shopping","Empathy","Assertiveness",4,5,3,"English, History, pretty much any social science.","English, History","Science","Japanese, Greek, Asian Studies","None",NA,"",6,1,"2017-04-04 21:03:02","2017-04-04 21:15:10","e5823ff127","Primary Sexuality","0"
"28","5a6ed9fe3e783c6bfc026bad3d680c6c","INTP","Self","ISFJ","Female","police officer/stay at home mum","INTP","Male","budget analyst/technician","At a music venue listening to friends bands","INTJ","Male","","prosecutor ",34,10,10,1,1,2,NA,33,"Female","Female","","E1",142,"aquarius","Bachelors degree with honours","Agnostic","I'm Australian and mainly support left leaning parties like Labor or The Greens","Labor/ Greens which is closer to your Democrats than republicans, but far more left.","Architecture and education","Interior Architecture","Drawing and painting, gaming, playing with my children","I don't feel anything in particular is an anomaly as such. They all seem to fit with other skills I have. As far as INTP traits- I'm better at social interaction than I should be, but not great. ","Organisation- I know what I should do but find it hard to consistently keep it in practice.",5,9,5,"History, art, science and english","Art, history and science","I paid the least amount of attention in maths, but don't regret it","Philosophy ","Perinatal depression","Medical","",1,1,"2017-04-04 20:51:42","2017-04-04 21:18:16","c5d151bb3e","Primary Sexuality","1"
"29","6b3b187a31022d363024d590fdf8f402","INTP","Online Test","ESFJ","Female","administration","ENTJ","Male","policeman","",NA,"","","",NA,NA,NA,NA,NA,NA,NA,NA,"Male","Male","","E0",142,"taurus","","Atheist","","","music","music","music, books, running","logic","social skills",9,9,8,"chemistry","biology","french","","depression, sleeping disorder","Medical","",2,1,"2017-04-04 21:12:23","2017-04-04 21:25:46","ac5fc564be","Primary Sexuality","0"
"30","c50c351a72775c134ef1516281eddda9","INTP","Self","","","","","","","Online","INFJ","Female","","student ",34,2,2,0,1,4,NA,37,"Male","Male","",NA,145,"sagittarius","B.S","Christian","Libertarian Party","Independent ","Sales","Accounting","Exercise, kids, learning","Persuasion ","Emotions",7,7,5,"Business","Humanities ","Science ","Debate ","Anxiety and depression ","Medical","",10,1,"2017-04-04 21:26:12","2017-04-04 21:32:46","254a6fe95c",NA,NA
"31","783eff87eb306bfd572bc8190962074d","INTP","Self","ESFJ","Female","part time retail worker","INFP","Male","hvac","",NA,"","","",NA,NA,NA,NA,NA,NA,NA,16,"Male","Male","","C2",NA,"virgo","N/A","Agnostic","Not sure, not old enough to vote","N/A","N/A","N/A","Browsing reddit, Reading about interesting concepts, playing video games, thinking ","Daydreaming stories","Paying attention to what is happening in front of me",8,5,7,"Math","Physics","chemistry","Robotics","ADHD","Medical","",4,1,"2017-04-04 21:22:33","2017-04-04 21:36:03","86cedfdccb","Tertiary Sexuality","2"
"32","47105c53099274626a8f4de4a2bda4d1","INTP","Therapist","ESTJ","Female","psychologist","ISFJ","Male","quality manager","Online","INFP","Female","","archivist",30,3,3,0,1,2,NA,38,"Male","Male","","F0",138,"torus","N/A","Atheist","None","Pirate Party","Management Consulting","Technology ","Reading science, studying people, analyzing the universe","I learned at a young age to keep my anomalous capabilities to myself :)","Hyper awareness is an obstacle to living ""in the moment"".",8,8,9,"Computer science, English, physics","English, computer science, biology","Economics","Astronomy ","Depression, anxiety","Self","",3,1,"2017-04-04 21:00:29","2017-04-04 21:37:33","3b8edc6d3f","Hyper Sexuality","0"
"33","f632f888dc47211b756ae402a4791dfb","INTP","Self","ISTJ","Female","nurse","ISTJ","Male","pediatrician","",NA,"","","",NA,NA,NA,NA,NA,NA,NA,20,"Female","Female","","D3",NA,"pisces","Currently in college.","Atheist","Independent","None.","","","Reading, internet, walking","Sports","Geography",8,10,7,"Chemistry, Biology, English","Chem, Bio, Physics, Psychology","History, Geography, Literature","More psychology, astronomy","Depression, anxiety, ADHD, PTSD","Medical","",6,1,"2017-04-04 21:22:10","2017-04-04 21:37:33","10471ca3cf","Secondary Sexuality","3"
"34","9a1729017b260a72f20f16da4825d69c","INTP","Authority","ENFP","Female","homemaker","ISTP","Male","pilot","",NA,"","","",NA,NA,NA,NA,NA,NA,NA,20,"Female","Female","","C1",NA,"virgo","N/A","Christian","Republican Party","Libertarian","Marketing","Marketing","Reading, Drawing, Singing","Reading the atmosphere","Responding to the atmosphere",4,4,3,"English, Literature, Geography, Logic","History, Logic, Chemistry, Latin","Math, Physical Science, Biology","Philosophy, Computer Science, Chemistry 2","Anxiety, Depression","Self","",2,1,"2017-04-04 21:19:19","2017-04-04 21:41:23","823b58a982","Tertiary Sexuality","1"
"35","d40281d9204ecfdabd98b2c97f3fef69","INFP","Authority","ENFJ","Female","esl teacher","INTP","Male","microchip design engineer","N/A",NA,"","","n/a",NA,NA,NA,NA,NA,NA,NA,28,"Female","Female","","D1",NA,"cancer","Masters","Christian","Libertarian Party","Liberal","Creative/Marketing","Creative/Marketing","Thinking, cooking, deep conversations","Listening","Staying on-task",7,2,5,"English, Art","English, Art, Photography","N/A","Religious studies, philosophy, science/politics for the greater good, mindfulness","None",NA,"",0,1,"2017-04-04 21:36:01","2017-04-04 21:46:04","781512ad8f","Secondary Sexuality","1"
"36","b40de008b72e28b292aaba4f6d4b922b","INTP","Online Test","INTJ","Female","housewife","INTP","Male","worker","",NA,"","","",NA,NA,NA,NA,NA,NA,NA,22,"Female","Female","","D3",126,"aquarius","Third ","Agnostic","Democratic Party","Democratic","Student","graphic","reading, drawing, photography, watching series tv","humor","empathy",4,4,5,"Literature","History","Literature","Medicine","None",NA,"",2,1,"2017-04-04 21:23:00","2017-04-04 21:54:15","b3607e4fd5","Secondary Sexuality","3"
"37","1afd1726f94bae77c34e2ba5e81b6784","INTP","Therapist","ESFP","Female","housekeeper","ESTP","Male","mechanic","Work","INFJ","Male","","it",33,0,0,0,1,0,NA,23,"Female","Female","","E0",NA,"leo","Technical certification","Taoist","Democratic Party","Green","Health Supplements","Public Libraries","Reading, Cooking, Painting","","",3,8,4,"English, Psychology, History","Psychology","Automobiles","Philosophy","OCD, PTSD","Therapist","",3,1,"2017-04-04 19:52:54","2017-04-04 21:59:15","0ea109454d","Primary Sexuality","0"
"38","6bdeb739d23464c6b1561bee7386486c","INTP","Online Test","ISFJ","Female","accountant","ESTJ","Male","plasterer","N/A",NA,"","Na","na",NA,NA,NA,0,0,NA,NA,17,"Male","Male","","E0",150,"libra","N/A","Christian","Democratic Party","Democratic","In study","-","","","",10,10,9,"Maths","Maths","N/A","Psychology ","SAD","Medical","",6,1,"2017-04-04 21:53:01","2017-04-04 22:00:30","a6ea0f72b7","Primary Sexuality","0"
"39","0e9dccf47b3818e85517a78b705f3d4f","INTJ","Authority","ESTJ","Female","programmer","INTP","Male","chef","None",NA,"","","none",NA,0,0,NA,NA,NA,NA,35,"Female","Female","","D0",NA,"taurus","Master of Divinity","Christian","","","Religion","Programming","Reading, writing, cooking","Dancing","Counting",5,5,2,"English, history, language, theology","English, history, language, theology","Hebrew","Exegetical studies in the Greek New Testament, Shakespeare, Dutch, French, ballet","None",NA,"",0,1,"2017-04-04 21:53:44","2017-04-04 22:00:58","f6acb0a5b0","Secondary Sexuality","0"
"40","670bb41267a2dd43afacee66204a6ab8","INTP","Online Test","ESTP","Female","occupational therapist ","INFJ","Male","builder","School","INFJ","Female","","stay at home mum",28,14,9,1,1,3,NA,29,"Male","Male","","E0",NA,"ares","Journalism","Christian","From australia. Conservative. ","Libertairian ","","Building","Gaming, writing, tv","Sport","Nothing",8,5,NA,"History, religion","History, pe, religion","Science","Language","None",NA,"",1,1,"2017-04-04 21:51:36","2017-04-04 22:01:56","332f76665c","Primary Sexuality","0"
"41","c33b3586b3b7ced7bc2d6227c2ccce30","INTP","Online Test","ISTJ","Female","pension clerk","INFP","Male","teacher","",NA,"","","",NA,NA,NA,NA,NA,NA,NA,38,"Male","Male","","E0",133,"virgo","No college","Atheist","Libertarian Party","Libertarian","Programming, data analysis","Programming","Learning","Understanding/absorbing complexity","My own emotions",8,8,10,"Social science (required no effort)","psychology","mathematics","none","",NA,"",NA,1,"2017-04-04 21:52:35","2017-04-04 22:07:49","5ec21f46ba","Primary Sexuality","0"
"42","eae224a748103b90e6cd829595ad3ede","INTP","Online Test","ISTJ","Female","banker","ESFP","Male","owner of a company","tinder","ENFP","Female","","architect",22,1,1,0,1,0,NA,22,"Male","Male","","E0",NA,"fish","still on college","Atheist","","","dont work","","coding,gaming,gym","","",5,8,10,"programing","programing, physics, digital systems","geometrical analysis","","",NA,"",2,1,"2017-04-04 22:02:39","2017-04-04 22:14:37","b614864a5e","Primary Sexuality","0"
"43","05ce6eda15450a02f73cf5e2caf4321e","INTP","Online Test","INFJ","Female","nurse","ENTP","Male","manager","introduced by a friend","INFJ","Male","","nurse",50,15,15,0,1,0,NA,49,"Male","Male","","E6",149,"gemini","Bachelor's","New Thought","Democratic Party","Green","Marketing","Actuarial Science","travel, reading, being outdoors","novel problem-solving","navigation",10,9,9,"math, statistics, music","African Studies, math","history","food science, photography, jazz performance","",NA,"",4,1,"2017-04-04 22:20:07","2017-04-04 22:34:45","56504bc134","Primary Sexuality","6"
"44","358e2fbf5e012838eaf9874cea6ac48c","INTP","Therapist","ENTP","Female","counsellor","ESFP","Male","security","",NA,"","","",NA,NA,NA,NA,NA,NA,NA,34,"Female","Female","","E1",NA,"gemeni","masters","Atheist","","Democract","data analyst","Geographic information systems","travel, creative pursuits, drinking","understanding systems","motivation",8,8,8,"math, science","law, art, math","history","physics","depression, anxiety","Therapist","",2,1,"2017-04-04 22:40:27","2017-04-04 22:49:45","914f7a28ee","Primary Sexuality","1"
"45","7bae3d91f512bb3012b72c9ad94b436a","INTP","Authority","ISFP","Female","none","ESTP","Male","retired","None",NA,"Male","","none",NA,NA,NA,NA,NA,NA,NA,36,"Female","Female","","E1",127,"libra","BA Theater and English","Pagan","Independant","None","Administrative Assistant","Retail","Reading Comicbooks, Watching tv, Playing video games","watercolor painting","math",5,7,6,"English, Art, Music","Music, English, Art, PE","French","Wood shop, Auto Mechanics, Spanish, More French, More Art","None",NA,"",3,1,"2017-04-04 21:23:47","2017-04-04 22:58:01","d872a8b0eb","Primary Sexuality","1"
"46","36740049deb723894d821f45395b442c","INTP","Online Test","ISFJ","Female","nurse","ENFJ","Male","office administrator",NA,NA,"Female","",NA,0,0,0,0,0,0,NA,26,"Male","Male","","E0",NA,"aries","Graphic Design","Christian","Independent","Republican","Graphic Design","Graphic Design","Reading (books or internet articles), visiting new places, and people watching.  ","Seeing every side or an argument from the beginning, and throat singing. ","Dealing with emotions. ",5,7,7,"Philosophy, writing, and design.  ","Psychology, philosophy, literature, design, architecture, physical education... ","Math, spanish","Shop","None","Self","",4,1,"2017-04-04 22:32:27","2017-04-04 22:59:05","a372624b22","Primary Sexuality","0"
"47","dcd145d5a9bd8f7b97d34862db6562a9","INTP","Online Test","","","","","","","",NA,"","","",NA,NA,NA,NA,NA,NA,NA,16,"Male","Male","","B0",NA,"piscis","","Christian","Democratic Party","","","","","","",9,9,8,"","","","","",NA,"",1,1,"2017-04-04 22:57:35","2017-04-04 23:01:00","89764be3b1","Romantic Asexuality","0"
"48","d2491fdb2a2610880cd4640d62c825f1","INTP","Self","INFJ","Female","teacher","INTJ","Male","fisherman","At work","INTP","Male","","computer scientist",32,3,2,0,1,0,NA,29,"Female","Female","","E1",NA,"sagittarius","Bachelor of science","Christian","Democratic Party","Libertarian","Engineering","Engineering","Travel, hanging out with friends, playing piano","Giving relationship advice","Making friends with other girls",10,8,7,"Math, physics, linguistics","Linguistics, creative writing, music, architecture","Differential equations","More linguistics, architecture","Depression, anxiety","Therapist","",6,1,"2017-04-04 22:42:00","2017-04-04 23:01:54","e367e35112","Primary Sexuality","1"
"49","c6c502a31538497af7f9f6686731606a","INTP","Online Test","ESFJ","Female","teacher","ESFP","Male","sales manager","At the university","ISTP","Female","","interior designer",40,20,17,1,1,0,NA,38,"Male","Male","","E0",135,"sagittarius","MSc","Christian","Libertarian Party","Lib-dem","IT","IT","Overseas travel; Reading history, news etc; Mountain walking","Analysing people and situations","Interacting with people I dont know",9,7,10,"Math, Chemistry","Architecture","History","","Depression","Self","",6,1,"2017-04-04 22:26:48","2017-04-04 23:07:16","23e86edad1","Primary Sexuality","0"
"50","2c9644b6b5ae37a6126cd2daf745fcee","INTP","Self","INFJ","Female","stay at home mom","ENFJ","Male","engineer","Tinder","INTP","Male","","nurse",25,2,2,0,1,0,NA,22,"Female","Female","","E1",110,"virgo","Associates working on bachelors ","Atheist","Democratic Party","Democratic ","Art","Retail ","Painting, video games, reading","Drawing","Talking to people",7,6,5,"Art, history, English ","Art","History","French","None",NA,"None",6,1,"2017-04-04 23:06:06","2017-04-04 23:14:09","8547da300a","Primary Sexuality","1"
"51","0b2d9c4167fc369784c0210a067dc80b","INTP","Online Test","","","","","","","",NA,"","","",NA,NA,NA,NA,NA,NA,NA,27,"Intersex","Male","","E0",160,NA,"Highschool","Agnostic","Republican Party","","developer","psychology/biology/information tech","procrastinating, adhd is a bitch, for a big success procrastinating","patern recognition,problem solving","sequencial thinking",10,10,8,"STEM","STEM","I wish I payed less attention in most","psychology","ADHD,anxiety, depression","Medical","",8,1,"2017-04-04 23:09:44","2017-04-04 23:27:20","2ddac09b35","Primary Sexuality","0"
"52","c7e8827b097ebfbac007a94629938d87","INTP","Online Test","ISTJ","Female","teacher","ISTP","Male","commercial plumber","Single",NA,"Male","","n/a",0,0,0,0,0,1,NA,30,"Female","Female","","BO",NA,"taurus","N/a","Atheist","","Fuck off","Not professional","Nada","Research, movies, music","","",4,7,NA,"Science, english","Art","Math","Shop","None",NA,"",7,1,"2017-04-04 23:21:46","2017-04-04 23:36:14","dedaa70561","Romantic Asexuality","0"
"53","6d1ad9d147be7fab0d77190c3a370c64","INTP","Authority","ISFP","Female","unemployed ","ENFJ","Male","data compiling/warehouse","High School","INTJ","Male","","project manager",26,12,7,1,1,0,NA,26,"Female","Female","","E0",NA,"scorpio","Public Relations / Political Science Degrees","Christian","Republican Party","Republican ","Hospitality / Restaurant ","Restaurant / Hospitality ","Kickboxing, Reading/Watching Informational Videos, Netflix/Hulu","Being social ","Am a little ADD",10,9,8,"Biology ","Science/English/Civics","Spanish ","Many","None",NA,"",3,1,"2017-04-04 23:38:32","2017-04-04 23:49:30","98cdf82d69","Primary Sexuality","0"
"54","0622d87ec1de205f04418ec816998efd","INTP","Online Test","ENTJ","Female","systems analyst ","INTP","Male","mechanical engineer ","Online ","ISFP","Female","","warehouse ",30,2,2,0,1,NA,NA,42,"Female","Female","","C4",135,"taurus","Did not finish ","Agnostic","Democratic Party","Green ","Manager","Marketing ","Traveling, reading non fiction , research ","Public speaking ","Math",4,10,2,"Biology and psychology ","Biology psychology sociology ","Foreign language ","","Depression ","Medical","",4,1,"2017-04-05 00:09:38","2017-04-05 00:18:04","8f69ecd07d","Tertiary Sexuality","4"
"55","9e3d26a82385961546b08e8c1829636b","INTP","Self","ESFP","Female","homemaker","ISTJ","Male","banker","work","ESFJ","Female","","teacher",74,56,4,1,1,1,"ISTP",73,"Male","Male","",NA,132,"gemini","BS Physics","Christian","Republican Party","none","retired","physics","Reading SiFi, writing books-BLOGS-Posts, creating with my hands","Lightning fast reflexes","Nothing particular",7,8,9,"English lit, and art","Art","German","Cooking","None",NA,"",1,1,"2017-04-05 00:03:16","2017-04-05 00:19:08","cf33749145",NA,NA
"56","4d5b9972545d7ef1c0d007322d2c0efb","INTP","Online Test","ENTJ","Female","instructor","INTJ","Male","lawyer","",NA,"","","",NA,NA,NA,NA,NA,NA,NA,40,"Female","Female","","D0",128,"libra","masters","Agnostic","in canada!","New Democrats (left-wing)","English as a second language","English as a second language","working out, watching comedy, snacking","cooking","sports",3,4,1,"languages","languages, English, law","all of them","history, Spanish, psychology, philosophy","None",NA,"",3,1,"2017-04-05 00:14:32","2017-04-05 00:20:04","69fc8786af","Secondary Sexuality","0"
"57","afa13255b07f0f55253293765736bbc5","INTP","Self","ISTJ","Male","right hand man for local entrepreneur; basically in charge of all construction and/or maintenance projects on numerous properties and the home estate. he makes all the behind thre scenes stuff go smoothly. ;)","INFJ","Female","bookkeeper","At a one-year college-level apprenticeship program. We were best friends before we ever became interested in each other romantically.","INFJ","Male","","property management.",27,10,8,1,1,4,NA,28,"Female","Female","","E0",NA,"scorpio","Associates","Christian","Republican Party","Libertarian Party","Home educator","Integrated (typical and special needs) preschool","Reading. Hiking. Horseback riding.","Researching topics of interest.","Coordinating my thoughts into a cohesive and concise form.",3,5,2,"English. Keyboarding. Computer science.","Creative writing. Drama. English.","Ha. All of them. I bluffed my way through most classes.","More extensive literature courses. ","Self-diagnosed postpartum anxiety after birth of third child. Officially, though, no.","Self","",1,1,"2017-04-05 00:27:31","2017-04-05 00:39:07","c354c9f893","Primary Sexuality","0"
"58","e7e419d68a30a29adc9b0569d7061e05","INTP","Self","ESFJ","Female","minister","ISTP","Male","warehouse worker","Party","INTP","Female","","computer developer",27,5,5,0,1,0,NA,30,"Male","Male","","E1",NA,"leo","Bachelors","Agnostic","","Democrat","Warehouse Worker","Warehousing","Game Designing","Public Speaking","planning",7,5,8,"Music, English","Music, Computer Sci","Math","More in depth and competent intstruction in computer sci","None",NA,"",5,1,"2017-04-05 00:34:23","2017-04-05 00:48:27","f4f2dec8e9","Primary Sexuality","1"
"59","b9c9f3279841e384be97804299564862","INTP","Self","ISFJ","Female","deli clerk","ISFP","Male","maintenance manager","Mutual friends","INTP","Male","","receiver",30,5,4,0,1,0,NA,28,"Female","Female","","E1",NA,"libra","Bachelor of Mathematics","Agnostic","Democratic Party","Democrat","STEM","STEM","Exercising, cooking, programming","Being spontaneous","Communicating",10,8,9,"Mathematics, physics, computers","Computers","History","Computer science","None",NA,"N/a",0,1,"2017-04-05 00:37:22","2017-04-05 00:48:53","f4f2dec8e9","Primary Sexuality","1"
"60","a7977c23385406ed7f63f2cf92b37ecd","INTP","Online Test","ISFJ","Female","teacher","INTJ","Male","carpenter ","Work","ENTJ","Female","","caregiver ",38,4,1,0,1,3,NA,43,"Male","Male","","E0",NA,"libra","No college","Christian","Republican Party","Democrat","Caregiver ","Caregiver","Reading","Logic","Meeting emotional needs",8,8,8,"English, history ","Philosophy,  literature","Science","Philosophy ","None","Self","",3,1,"2017-04-05 01:00:47","2017-04-05 01:09:24","0af32dbba1","Primary Sexuality","0"
"61","dd7bb20f4f77033f91b6345521730f7f","INTP","Online Test","ESFP","Female","housewife","INTP","Male","computer technician ","Internet ","ISFP","Male","","traffic controller",40,0,0,0,0,4,NA,37,"Female","Female","","E0",147,"leo","Bachelor of commerce","Atheist","None","Democrat","Administration","Tax Accountancy","Music, reading, photography ","Dancing","Tidiness",10,10,8,"Maths, science, physics, English ","Physics","Maths","Economics","Bipolar disorder 1 with psychotic features, generalised anxiety disorder ","Therapist","",2,1,"2017-04-05 01:13:42","2017-04-05 01:24:32","8bbe17f2e4","Primary Sexuality","0"
"62","110f4b5c0fb761a070a2cb7ab7a031c9","INTP","Self","ENFJ","Female","teacher","INTP","Male","university tech employee","",NA,"","","",NA,NA,NA,NA,NA,NA,NA,19,"Female","Female","","D0",121,"cancer","Currently studying computer science","Christian","","Neither- I am a centrist","Student","","Reading, watching movies, puzzles","Stage performance","Being aware of my surroundings",9,7,6,"Literature","Physics","Foreign language","Philosophy and art","Depression","Self","",5,1,"2017-04-05 01:32:16","2017-04-05 01:57:43","8b4a5081f9","Secondary Sexuality","0"
"63","f3bdb7842656988c3e07c79b15daa479","INTP","Online Test","INFP","Female","house wife","NONE","Male","none","Don't have one",NA,"","None","see above",0,0,0,0,0,0,NA,19,"Female","Female","","C2",NA,"capricorn","N/A","Christian","None","Fuck all politics","Don't have one","See above","Reading fan fiction, origami, learning facts I'm never gonna use, napping, sleeping in general, food, just food, binge watching witty crime shows","Uhhh...","Testing",5,6,3,"Art, math, P.E., creative writing","Art, science, history","History, science","Music","Anxiety, depression, social anxiety, OCD, slight insomnia","Therapist","",8,1,"2017-04-05 01:33:36","2017-04-05 02:17:24","a25bfd2df1","Tertiary Sexuality","2"
"64","c650df8f91d849aba655455f721f9450","INTP","Online Test","ENFP","Female","social worker","ISTJ","Male","hospital administrator","Hobby group","ENTP","Male","","consultant",38,9,8,1,1,0,NA,31,"Male","Male","","D4",NA,"leo","J.D.","Agnostic","Democratic Party","","Tax Attorney","Tax Attorney","Overseas travel, languages, aviation","Public speaking/presenting","Programming ",8,6,8,"Economics, law, statistics, linguistics, foreign language","Law, linguistics, political science, economics","Physics, finance","Philosophy, logic","Anxiety","Medical","",NA,1,"2017-04-05 02:04:59","2017-04-05 02:18:19","5243434ea9","Secondary Sexuality","4"
"65","3512349392aeb5eb3109309e0760fc7b","ISFP","Online Test","ISTJ","Female","retired","ISFP","Male","postal worker","",NA,"","","",NA,NA,NA,NA,NA,NA,NA,33,"Female","Female","","E0",NA,"aries","1.5 yrs","Agnostic","Independent ","Libertarian ","Medical Billing ","Medical ","Enjoying the outdoors, watching tv, listening to music","Aiming with accuracy ","Expressing emotions ",5,6,5,"English","Art","Anthropology ","French","Depression, anxiety","Therapist","",1,1,"2017-04-05 02:09:08","2017-04-05 02:21:40","d14cf3d9fe","Primary Sexuality","0"
"66","0fe1bae5b9da5aae1b33ae75a12a17d6","INTP","Authority","ESFP","Female","opera singer ","ENTJ","Male","real estate broker ","Online dating","INFJ","Female","","equal opportunity employer",36,0,0,0,0,0,"ENFP",32,"Male","Male","","E0",NA,"aquarius","Dropped out second year","Christian","Republican Party","Libertarian","Plumber","Construction","Reading, people watching, weightlifting","Singing","",7,7,7,"English, French, math","English, french, math","Humanities","Phsyics","None",NA,"",2,1,"2017-04-05 02:25:44","2017-04-05 02:32:11","6a5d489c2d","Primary Sexuality","0"
"67","a76f438ae0f49d01c543098dfb6daca4","INTP","Online Test","ENFJ","Female","homemaker","ISTJ","Male","electric engineer ","College","INFJ","Male","","customer service- printing",24,5,5,1,1,0,NA,25,"Female","Female","","DO",NA,"taurus","Psychology","Christian","Independent","Democrat","Internet Research","Sales","Reading, organizing, cooking","Media relations ","Being realistic- anxiety ",9,7,7,"Math","Art","English","French","",NA,"",6,1,"2017-04-05 02:15:15","2017-04-05 02:37:25","4f4490fe03","Secondary Sexuality","0"
"68","c16b12db15997c0d030dc080e638c893","INTP","Online Test","ESTJ","Female","business/merchant","ESFJ","Male","business/merchant","",NA,"","","",NA,NA,NA,NA,NA,NA,NA,18,"Female","Female","","B1",NA,"sagittarius","No College","Agnostic","Democratic Party","Democrat","Student","None","Reading, Traveling, Social Media/Internet","Making people laugh","Math",9,9,4,"Biology, Literature, Foreign Languages,  ","Biology, Literature, Philosophy","History ","Art","Anxiety ","Self","",7,1,"2017-04-05 02:42:08","2017-04-05 02:54:40","aea14d5172","Romantic Asexuality","1"
"69","79eb5d60ce416969c0394166edd3fb02","INTP","Authority","ESTJ","Female","nurse","ESTP","Male","entrepreneuer/owner: vending machine company","Online Dating","ISFP","Female","","eyeglasses store person",23,4,4,0,1,NA,NA,22,"Male","Male","","E6",NA,"aries","N/A (Self Taught Electrical Engineer tho)","Agnostic","Logic (A bald eagle does not just let its wings decide which way to go.  Sometimes the right wing needs to flap harder, sometimes the left, but neither makes the decisions.)","Pirate Party (The definition of the party matches, the people I see in the party don't match my views)","Electrical Engineering (self employed projects), vending (professional can stacking, for money to fund my unpaid-until-finished job)","N/A, nothing others would consider professional.  But Electrical Engineering.","Playing Guitar, planning, thinking, trying to socialize","Shutting sadness off completely, at will.  5-10 seconds of concentrating and no matter how small or intense the sadness, it vanishes instantly & unnaturally.  This cured 6 years of depression instantly when I learned to do it, so well that I spent 2 or 3 years nolonger able to feel sadness at all (even things that previously had made me sad).  Until my grandpa died (almost felt no emotion, felt terrible about not being able to feel bad, then it finally broke through all at once), then it sorta un-repressed partially.  Half a year later, it was still stuck at a point where I could only feel sad 2 seconds (consistently) until the feeling vanished instantly/unnaturally, only I wasn't doing it and couldn't stop it.  One last (strong-ish; personal) sad event managed to make me feel sad longer than 2 seconds, and it seems to be back at a satisfactory level now.  I'm really scared to ever try hiding being sad now because it's really not good to not feel sad.  It's an amplifier, can help you feel happier, and honestly feels good in my opinion when not out of control.  I'm trying to learn how to do the meditation thing I did a while ago which I strongly believe is how&when I learned to just cast it out.  I want to dangle off a cliff to make fear noticeable enough to focus on, meditate (need to get good at it beforehand) and cast that feeling out, theoretically repressing it (and curing my fear based anxiety disorder instantly).  Only similar stuff I find to what I did is on sites called things like ""themystic.org"", I believe the strong irrational sad feeling of depression is what made me able to focus on it, detatch, and cast it out.  I was trying to view my thoughts and emotions without emotion/irrational bias, didn't think much of it when I did it, but did notice it was unusual, like an 'aerial view of thoughts and emotions' apart from both of them.  Nolonger needing to 'meditate' after knowing how it feels to 'push' it out.  Fear might get tossed out in a whole different way, and heights (a 200 foot freefall) are the only thing I can think of that have ever created intense fear despite knowing it's going to be okay, might skydive instead, but don't want to zone out.  Sorry lol, a bit unnecessary, but interesting.","Talking in person.  I am unable to think like I normally do when around people, and in an undescribable way, am unable to speak without great difficulty despite not mentally thinking irrationally or anxiously.  The interesting thing is, there is one person (significant other) that it has no effect on, and WOW is it different just being able to speak endlessly without even thinking or putting effor in.  I used to think I just lacked social skills/experience, but that's obviously not the case if I can talk to her so well.  Only met her 4 years ago.",4,6,5,"Gym.  I didn't pay attention or try for grades because I knew how unimportant high school grades are, and was a little lazy so why do the unnecessary?  Still paid attention when I saw useful stuff, and looked things up when I didn't understand, but never in time for tests, often learned from tests.  Took AP Physics, passed, but they changed the requirements because of me xD  It was interesting enough to get grades, but too much work all at once in my opinion so I'd just listen to my ipod 1/4 of the semester.","AP-Physics, Chemistry (I'd look up the chemistry of explosives while the teacher was rambling about her stuff tho), Electronics in college (top student cuz I knew it already), psycology, law (wanted to be a lawyer until I saw how much of a waste of life it is), video productions (made dank videos), construction1&2 (half for the class, half for the intense group mischief), woodshop 1&2 (made a gravity powered kinetic sculpture, from plans tho.  loved woodworking), small engines.  ALSO!  ART!  The most important thing in the world, forced me to put the required time into art, to realise I can art.","Math.  The only thing that grades mattered in because if I had the grades in middle school to skip the dumb kid math class, and if I got the grades to pass algebra2 the first time, I'd have taken pre-calculus or calculus.  A lot of what I do now basically requires it, even a random cryptography class I took said 'basic math' is a requirement, and they meant calculus becaue I was looking things up every step of the way that they assumed I knew.","Cooking, Anatomy & Physiology (wanted, but heard how much homework it was), Music Theory","None","Self","",4,1,"2017-04-05 01:11:51","2017-04-05 03:02:03","b2b519323b","Primary Sexuality","6"
"70","75805cfdb8624b41cc1f924f0d64f5e0","INTP","Self","ENTP","Female","teacher","ISTJ","Female","assistant consultant","Church","ESTJ","Female","","hair dresser",35,10,10,1,1,0,NA,34,"Male","Male","","B1",NA,"aries","Bachelor Degree","Christian","Democratic Party","Democratic","Storeperson","Storeperson","Playing games, Watching movies and reading educational books","Reading people, motives, character and behaviours","being empathetic",2,2,5,"Religion, Art and computing studies","Art","business studies",NA,"None",NA,NA,0,1,"2017-04-05 03:16:33","2017-04-05 03:30:38","0768d16f57","Romantic Asexuality","1"
"71","18b7bae2c9d6ceff2c670d533c95569e","INTP","Online Test","ENFP","Female","stay at home mom","","Male","railroad track maintenance equipment operator ","Church","ESTP","Male","","commercial tire sales",36,6,6,1,1,0,NA,28,"Female","Female","","E0",148,"aires","2 years no degree","Christian","Libertarian Party","Libertarian ","E-course entrepreneur ","Customer service ","Researching current interests, exploring interesting places, watching BBC","Reading a room","Estimating linear measurements (length, time, etc)",6,10,10,"Art, engineering, physics, literature ","Art, engineering, physics, literature ","Math","ALL OF THEM. Poetry, higher math, film, economics, philosophy ","Learning disability otherwise unspecified: my comprehension far out ways my processing capacity. Recovered from self diagnosed depression.","Therapist","",3,1,"2017-04-05 02:38:18","2017-04-05 03:35:28","773b9db692","Primary Sexuality","0"
"72","ff43180f29ea21e2335db9d871afad55","INTP","Online Test","ISTP","Female","retired","ISTJ","Male","farmer","Internet","ISFP","Female","","administration ",46,19,18,1,1,0,NA,47,"Male","Male","","E2",160,"sagittarius","Bachelors","Atheist","Democratic Party","Green","Accounting","Accounting ","Poker, golf, slopitch","Poker","Pool",10,8,10,"Math","English","Shop","None","None",NA,"",0,1,"2017-04-05 03:25:02","2017-04-05 03:35:36","95984785c5","Primary Sexuality","2"
"73","255aab9354d2dfcd1604dfe711a775a4","INTP","Online Test","ESFJ","Female","homemaker & receptionist","ISFP","Male","manager","College","INTP","Male","","architect",56,30,NA,1,0,2,NA,53,"Female","Female","","E1",135,"pisces","BA -Architecture","Christian","independent","Democrat","Architect & Artist","Architecture","Creating, Dancing, Reading","Dancing","Keeping up with Mail",8,8,8,"Pretty equal","Latin, Literature, Philosophy, Art","Business","More Literature & Advanced Art/Sculpture/Photography classes","None",NA,"",5,1,"2017-04-05 03:26:33","2017-04-05 03:39:52","88a05fd267","Primary Sexuality","1"
"74","f9353ada4bc5e543bb9b5c08377c7f6f","INTP","Online Test","INFJ","Female","medical transcriptionist","ISNP","Male","mechanic","",NA,"","","",NA,NA,NA,NA,NA,NA,NA,21,"Female","Female","","B3",NA,"scorpio","N/A","Wicca","Libertarian Party","Anarchy","Leatherwork","English","Learning new things, traveling, being in nature","","",6,9,5,"English","Science","Math, history","Astrology, agriculture, ","","Self","",3,1,"2017-04-05 03:35:31","2017-04-05 03:44:59","6639d80cb3","Romantic Asexuality","3"
"75","9c8ac926bda77e102e7b8f3aa5174a8f","INTP","Online Test","ISTJ","Female","homemaker","ESFJ","Male","carpenter","Instagram ","INFP","Female","","self employed (online business)",22,4,2,1,1,0,NA,24,"Male","Male","",NA,NA,"scorpio",NA,"Christian","Politically Neutral ","Politically Neutral","Self Employed (Home Inspector) ","Home Inspection","Reading, Cooking/Baking, Playing Music","Public Speaking ","Mathematics ",4,9,4,"English (Literature, Writing, Speech) Science, Social Studies","Social Studies","Chemistry","Wood shop ","",NA,"",2,1,"2017-04-05 03:30:37","2017-04-05 03:57:34","4b5c082656",NA,NA
"76","83678933511301837b27b08ad7c628b7","INTP","Self","INFP","Female","teacher","INTP","Male","truck driver","Church","ESFJ","Female","","nurse",38,17,15,1,1,2,NA,38,"Male","Male","","E0",130,"libra","Bachelor of Science in Computer Information Sciences","Christian","None - usually Republican, but can't stand Trump for all the reasons. Voted Libertarian in 2016. Future political affiliation unknown.","Libertarian","Information Technology","Information Technology","Writing/recording/performing/listening to music, playing video games, reading","Writing songs about connections between apparently dissimilar things, such as God and fractals, human love and robotics, the human condition and nanotechnology, Jesus and gravitational singularities, etc.","Flirting.",8,9,7,"Math, science in high school; Math, English, and Computer Programming in college","Same, sometimes history as well, though I wasn't good with dates.","Accounting.","Art and photography, game programming/design","",NA,"N/A",1,1,"2017-04-05 03:47:53","2017-04-05 04:09:35","b517a0a8b8","Primary Sexuality","0"
"77","f38e8e4f5a8c7c97dfe29364ee3b7ef5","INTP","Authority","ISTP","Female","programmer","ISTJ","Male","draftsman","Hot tub","INTJ","Male","","executive management ",50,29,1,1,1,0,NA,48,"Female","Female","","F2",145,"scorpio","MA Counseling Psychology","Atheist","None","Libertarian ","None","Administrative","Hiking, reading sci-fi/fantasy/philosophy, traveling to places of natural beauty","Travel planning","Cleaning house ",8,5,8,"Maths psychology","Linear Algebra, psychology, systems analysis and design,  Foreign languages (Spanish, French, German)","Trigonometry ","Physics","Bipolar Disorder Type 2, ADD","Therapist","",3,1,"2017-04-05 03:55:58","2017-04-05 04:09:53","89fa2710aa","Hyper Sexuality","2"
"78","9d03f2e366d27e606ce1229fee83e2e0","INTP","Online Test","ENTP","Female","doctor","ENFJ","Male","reverend","he rented a room in my flat","INFP","Male","","photographer",31,11,11,0,1,0,NA,38,"Female","Neither","","D3",155,"aries","Bsc","Agnostic","none","none","scientist","customer service","travel, reading, YouTube","everything","chess",7,6,10,"art","none","science, math","creative writing, archaeology, astronomy, programming","depression, anxiety","Therapist","",4,1,"2017-04-05 04:12:51","2017-04-05 04:31:34","01a50062c1","Secondary Sexuality","3"
"79","afd69e9e81a13002be7d61fa392a830a","INTP","Online Test","ISTJ","Female","financial controller (accountant)","INTP","Male","entrepreneur/engineer","She approached me in university.","ESTJ","Female","","pr",24,1,1,0,0,0,NA,25,"Male","Male","","E0",NA,"libra","Marketing","Atheist","Democratic Party","Middle left","Advertising","Marketing communications","Music/Concerts, Food, Craft Beer","Open-mindedness/Curiosity","Heartbreaks",8,7,6,"Economics","Physics","Accounting","Palaeontology",NA,NA,"",1,1,"2017-04-05 04:25:10","2017-04-05 04:54:50","2c380101ae","Primary Sexuality","0"
"80","b5ef0d53ab3b1e799a2ddebcc2f3e73e","INTP","Online Test","ISTJ","Female","librarian","NONE","","none","none",NA,"","none","none",NA,0,0,0,0,0,NA,39,"Female","","genderqueer","E2",NA,"libra","n/a","Pagan","None - Independent","Democrat","Artist","none","computer games, sewing, pets","vivid dreams","team sports",6,6,4,"English, History, Spanish","History, Spanish","Math","Computer Programming","social anxiety, general anxiety, ocd, major depression, dysthymia, gender dysphoria, possibly bipolar","Medical","",8,1,"2017-04-05 05:24:18","2017-04-05 05:37:52","9873bc2c60","Primary Sexuality","2"
"81","8ef3572d3fc27fad4fb9890791cdef3c","INTP","Self","ESFP","Female","employee ","ISTJ","Male","engineer","Through my brother ","ENTJ","Male","","college student ",20,1,1,0,0,0,NA,19,"Female","Female","","E0",NA,"virgo","Grade 12, 1st year in college now","Islam","No party","No party ","Psychologist to be ","Psychology ","Music, road trips, thinking out loud ","Socializing ","House work ",5,5,7,"French language, English language, arabic language, philosophy, biology ","Philosophy ","Physics ","Theater classes ","Anxiety ","Self","",1,1,"2017-04-05 05:24:36","2017-04-05 05:40:39","020d16a324","Primary Sexuality","0"
"82","49475121ad7370f0e5dc6f61839f325c","INTP","Online Test","ISFP","Female","nurse","ENTP","Male","quality control manager","N/A",NA,"","N/A","n/a",NA,NA,NA,0,0,NA,NA,27,"Female","Female","","D4",130,"capricorn","Bachelors","Agnostic","Dont believe in politics","Greens","Science","Hospitality","Netflix, hiking, travelling, beach, camping","Spacial awareness","Math",3,9,5,"Science, cooking","Science, cooking, english liturature, french","History","Physics, ","Anxiety","Self","",10,1,"2017-04-05 05:37:06","2017-04-05 05:51:55","cdd5135c4c","Secondary Sexuality","4"
"83","21640791b515e4bad375663e60c71326","INFP","Self","ESFP","Female","craftswoman","ISFJ","Male","carpenter","",NA,"","","",NA,NA,NA,NA,NA,NA,NA,36,"Female","Female","","E1",NA,"libra","","Atheist","Left","","Culture","Museums","Dancing, reading non-fiction, nature walks","Dancing","",7,7,6,"English, history, arts","History, arts, french","Chemistry","Cultural history, museology","Slight depression and anxiety","Self","",1,1,"2017-04-05 05:50:16","2017-04-05 06:38:15","ebfaa1ed3c","Primary Sexuality","1"
"84","2e3d2d7ddd9cf6914f2fd9df04cb1215","INTP","Online Test","INFJ","Female","housewife","ISTP","Male","mechanic","I dont have partner","INTJ","Male","","architect",33,0,0,0,0,0,NA,32,"Female","Female","",NA,NA,"aquarius","Bachelor","Islam","Neutral","I skip this question","Beverages manufacture","Quality control analysis","Sleep, watching movies, painting","Painting","Cooking",8,7,10,"Mathematics and drawing","Drawing","Art","Art","Anxiety, autism","Self","",8,1,"2017-04-05 06:25:39","2017-04-05 06:39:07","6954e0e732",NA,NA
"85","6f0a2ee62fce39bb0252b773e4a1d32f","INTP","Self","ENFP","Female","housewife","INTJ","Male","employee","",NA,"","","",NA,NA,NA,NA,NA,NA,NA,19,"Female","Female","","C1",NA,"virgo","no college","Agnostic","Libertarian Party","libertarian","business","business","reading fantasy or horror books, watching tv dramas, search things on the internet","being good at geography","not knowing how to cook",8,6,5,"math, physics, second language","biology, history","history, english","etymology","None",NA,"",2,1,"2017-04-05 06:22:27","2017-04-05 07:20:07","72f5421f1f","Tertiary Sexuality","1"
"86","42f934937ddc8401ebe9448ef37dd5aa","INTP","Online Test","ISFJ","Female","wifehouse","ESTP","Male","buisness man","At work","ISTJ","Male","","artisan",50,13,3,1,1,1,"INFP",41,"Female","Female","","D0",NA,"gemini","University degree","Agnostic","None","Not interested in politics","Web Developement","Lawyer","Learning something, walking in nature, spending time in family","My capability to learn an understand complex ideas very quickly","Understanding people",10,10,10,"All","Psichology, Natural Science, Chimic","None","Informatics","Anxiety, depression, somatization","Medical","",10,1,"2017-04-05 06:40:19","2017-04-05 07:25:43","a5216ca840","Secondary Sexuality","0"
"87","455c92ab16896bf8e9bf1094e2cb0ac2","INTP","Online Test","INFJ","Female","housewife","ENTJ","Male","navy","No partner",NA,"Female","","none",4000,0,0,0,0,0,NA,25,"Male","Male","","D0",128,"capricorn","Double degree, commerce and law","Agnostic","None","","Lawyer","Law","Making music, getting stoned, rrading","Critical metaphysical thinking, astral projection","Empathic communication",7,8,9,"Science","Science","Language","Drawing","None",NA,"",NA,1,"2017-04-05 07:41:35","2017-04-05 07:56:49","f9e26ba7c7","Secondary Sexuality","0"
"88","0b9b937349797bf8435a6697d8bf0114","INTP","Online Test","ESFP","Female","secretary","INFP","Male","priest","Online","ISFJ","Female","","secretary",46,22,22,1,1,2,NA,42,"Male","Male","","E0",135,"virgo","PhD","Christian","None","Libertarian","Military","Military","Computer Games, Homebrewing, Coding","Understanding systems","Small talk",8,9,9,"Economics, Statistics, Computer Science","Physics, Computer Science","Math","None","None",NA,"",2,1,"2017-04-04 23:46:10","2017-04-05 09:09:29","536d56ba78","Primary Sexuality","0"
"89","dd7b8117eb337033c82cf2421e9f9f5d","ENTP","Therapist","INFP","Female","n/a","ESFP","Male","designer","Work","INTJ","Male","","faculty",63,4,1,0,0,2,NA,49,"Female","Female","","E0",NA,"gemini","MFA","Christian","Democratic Party","Democratic ","Higher ed","Local government ","Reading fiction, being outside, cooking","","",7,7,7,"English ","English, philosophy ","History ","","",NA,"",1,1,"2017-04-05 11:38:57","2017-04-05 11:48:07","0313a8dd82","Primary Sexuality","0"
"90","d85709ebb70323faefed583ab7be891d","INTP","Online Test","ESTP","Female","diving instructor","ENFJ","Male","in between jobs","Internet","ISFJ","Male","","customer service",28,10,10,1,1,0,NA,25,"Female","Female","","E0",136,"gemini","No college","Atheist","Neither, I'm swedish","No idea","I run my own company","Animal and horse training","Being with animals, playing video games, going to the movies","I connect deeply with animals and not at all with humans","I'm bad at dealing with other peoples feelings",1,3,0,"Music, drawing, swedish, english","Drawing, learning languages ","None","None","ADHD","Self","",7,1,"2017-04-05 11:48:04","2017-04-05 11:56:33","d172a7dda0","Primary Sexuality","0"
"91","ed56d3dabd3574e8f92cff015dfd574a","INTP","Self","ENFP","Female","stay-at-home mom","ISTJ","Male","dentist","",NA,"","","",NA,NA,NA,NA,NA,NA,NA,16,"Male","Male","","D1",140,"capricorn","N/A","Christian","Not yet registered","Libertarian","High School Student","N/A","Random Projects","Cooking","Social Interactions",9,9,7,"Math, English, Science","Math, Science","","","",NA,"",0,1,"2017-04-05 12:23:29","2017-04-05 12:37:24","a9baa645dc","Secondary Sexuality","1"
"92","9f5e3cd153a41ef54dc3437eca756aeb","INTP","Online Test","ESFJ","Female","accountant","ISTP","Male","attorney at law","",NA,"","","",NA,NA,NA,NA,NA,NA,NA,32,"Female","Female","","D1",130,"scorpio","MA","Christian","No party preference ","None","Health care ","Health care","Reading, playing games with friends, travel","Cryptograms","Recalling details ",9,10,8,"Humanities and science ","English and biology","Spanish","Different languages ","Self-diagnosed depression ","Self","",0,1,"2017-04-05 14:33:38","2017-04-05 14:40:58","945a2b9dd1","Secondary Sexuality","1"
"93","0441d968d62aadcc6934d1490c16a858","INTP","Online Test","ISFJ","Female","health administration","INTP","Male","outdoor advertising","Hash House Harriers","ENFJ","Female","","programmer",51,15,15,1,1,0,NA,52,"Male","Male","",NA,130,"leo","MS","","No Party Affiliation","","Curriculum Designer","Defense","Reading, kayaking","","",3,5,3,"Languages, Social Sciences","Languages, Social Sciences","Social Sciences","Philosophy, Political Science","ADD","Medical","",1,1,"2017-04-05 14:23:56","2017-04-05 15:27:44","effd98bb70",NA,NA
"94","c7f3ea92866faea3f7fd856b3319be3c","INTP","Online Test","ISFP","Female","doctor md","ISTP","Male","dentist ","Single",NA,"Female","","single",24,0,0,0,0,0,NA,20,"Male","Male","","D0",NA,"scorpio","Currently doing an MD","Islam","Democratic Party","Democrats","Student","Medicine","Reading,Watching seasons, thinking,discussions","","Mathematics ",7,8,7,"English,Arts,Social Stuties","English,Art Social Studies","Physics","Psychology, Philosophy ","",NA,"",0,1,"2017-04-05 15:42:38","2017-04-05 16:01:43","82fd70c8f8","Secondary Sexuality","0"
"95","1f08b1c4e079e8227bb967a68b0d7d99","INTP","Self","ENFJ","Female","secretary","ENFP","Male","teacher","",NA,"","","",NA,NA,NA,NA,NA,NA,NA,16,"Female","","Genderfluid","E5",NA,"libra","N/A","Atheist","None","Anarchy","Student","None","Art","None","None",0,7,0,"Art","Art","Math","Japanese ","None",NA,"None",7,1,"2017-04-05 16:07:25","2017-04-05 16:16:21","bc3d0abcf9","Primary Sexuality","5"
"96","3643841e94cceb8fc04aa1f649b4c00f","INTP","Authority","ISTJ","Female","bookkeeper","ENTP","Male","farmer","through relatives","ESTJ","Male","","planner",73,51,50,1,1,1,"INTJ",73,"Female","Female","","E0",NA,"taurus","m.a.","Agnostic","Democratic Party","democrat","librarian","librarian","reading fiction, crossword puzzles, online solitaire","listening to others","swimming",7,8,5,"literature, languages, english, political science, library science","spanish, economics, political science, geography","history","none","depression","Therapist","",2,1,"2017-04-05 17:34:53","2017-04-05 17:53:28","7a107fccf8","Primary Sexuality","0"
"97","2c59dae117788ed4d5ac0ed2564a5390","INTP","Online Test","ESFP","Female","shop assistant","????","Male","i don't know, don't know him at all","online","ISFJ","Female","","librarian",29,8,7,0,1,0,NA,28,"Female","Female","",NA,NA,"gemini","No College","Atheist","none","","culture","culture","Reading fiction, watching movies, writing fiction","interviewing people","math thinking",2,2,2,"literature, languages","literature, languages","physics, math, chemistry, biology","french language","",NA,"",7,1,"2017-04-05 18:20:42","2017-04-05 18:38:04","52b37322ce",NA,NA
"98","fe500d3b2154e82f06d4961ec59bbf20","INTP","Online Test","INTJ","Female","teacher","INTP","Male","engineer","As actors","INTP","Male","","playwright and teacher",37,14,10,1,1,NA,NA,30,"Female","Female","","E1",NA,"aries","BA","Atheist","Democratic Party","Democrat","Photography","Photography","Improvising, photography, painting","Organising other people ","Following plans I make for myself",7,4,7,"Art","Art","Art","Programming","ADHD","Therapist","",7,1,"2017-04-05 19:22:26","2017-04-05 19:28:10","da67defdef","Primary Sexuality","1"
"99","ee1b4a44167e8c83a37c48121c8e7746","INTJ","Therapist","ESFJ","Female","healthcare","INTP","Male","systems engineer","",NA,"","","",NA,NA,NA,NA,NA,NA,NA,26,"Female","Female","",NA,NA,"leo","Bachelor of arts","Agnostic","Democratic Party","","Insurance","Insurance","Reading, cooking, listening to music","","math",3,8,6,"Language arts, biology, music","Language arts, biology, music","I paid attention in exactly as many classes as I wanted","more AP classes in general","anxiety - situation-specific phobias","Therapist","",5,1,"2017-04-05 20:23:04","2017-04-05 20:32:48","dc14f91368",NA,NA
"100","9c47e4bd1bcb9f44c0a195f6f8bf9fce","INTP","Self","INFP","Female","stay at home mom","ESTJ","Male","changed jobs often","High school ","ENTP","Male","","brick layer",25,8,7,0,1,0,NA,25,"Female","Female","","E1",140,"aries","Art & Design","Atheist","Democratic Party","","Cake Decorating","Cake Decorating","Browsing the internet, hanging out with my boyfriend, cooking","Cooking","Creative writing",7,7,2,"Geometry, art, physics","Choir, art, history","History, Spanish","Sewing, piano","Anxiety, depression","Self","",6,1,"2017-04-05 20:59:42","2017-04-05 21:22:49","091fad86f7","Primary Sexuality","1"
"101","61c3c9ff2eab9d49739167be926e13e6","INTP","Online Test","ESFJ","Female","retired from teaching","INFJ","Male","retired lawyer","",NA,"","","",NA,NA,NA,NA,NA,NA,NA,45,"Male","Male","","E0",131,"capricorn","ma","non religious","none","not a us party","teaching","tesl","learning, workout, browsing the net","","",3,8,2,"languages","geography, biology, physics","mathematics, physics","psychology","none",NA,"",1,1,"2017-04-05 21:30:39","2017-04-05 21:59:58","c06a940584","Primary Sexuality","0"
"102","770f15c5b163e3bd0eb8fd707047b069","INTJ","Authority","INTJ","Female","retired insurance underwriting manager","ISTP","Male","disabled; former insurance auditor","In class at university ","INTP","Male","","public health associate; epidemiologist ",29,8,8,0,1,0,NA,30,"Female","Female","","E0",NA,"sagittarius","Juries doctor","Christian","Independent ","Democrat ","Law","Law","Thinking, watching tv, sleeping","Figure skating ","Computers ",5,6,6,"English","Psychology, philosophy ","Math","Abnormal psychology ","ADHD, social anxiety ","Medical","",4,1,"2017-04-06 01:02:45","2017-04-06 01:14:27","9054342b74","Primary Sexuality","0"
"103","26ee0a191a6598f70ae5c7f89c1282a2","INTP","Online Test","ENFP","Female","""business woman""","INTJ","Male","warehouse supervisor /my mom's servant","E harmony ","ISTJ","Male","","service engineer",35,0,0,0,1,0,NA,27,"Female","Female","",NA,129,"pisces","Masters degree","","Usually Vote dem but not registered ","Idk but I am pretty liberal ","Education ","Education ","Poker, cats, swimming ","Poker","English",9,7,10,"Math","Math","Math","Sociology ","Generalized Anxiety disorder ","Medical","",10,1,"2017-04-06 02:57:44","2017-04-06 03:09:38","419ed0ad71",NA,NA
"104","cad00c326eff41d14f7dfcaee413f3bf","INTP","Self","INFJ","Female","financial analyst","ENTJ","Male","former dean of aeronautics, university administration of public relations, and public relations freelance consultant","",NA,"","","",NA,NA,NA,NA,NA,NA,NA,31,"Male","Male","",NA,116,"virgo","Some college.","Christian","Republican Party","","","","Sleeping, browsing and thinking and about books","","",5,5,0,"","History, theology, philosophy, hermeneutics","C++ Computer programming","Philosophy, Japanese, Russian","Depression","Therapist","",1,1,"2017-04-06 03:58:04","2017-04-06 04:10:45","1f2358ad4e",NA,NA
"105","3bd0cfbacd42037bc06dd678288c33e8","INTP","Online Test","ESFP","Female","cleaning woman","ESTP","Male","truck driver","",NA,"","","",NA,NA,NA,NA,NA,NA,NA,20,"Female","Female","","EO",118,"leo","No College","Atheist","Anarchy","","No one","","Reading, Walking and Listen to music","Psychology","Ambition",0,1,0,"English","English","Informatics","Russian","Depression","Therapist","",1,1,"2017-04-06 10:14:55","2017-04-06 10:25:14","7696dcac27","Primary Sexuality","0"
"106","57ab9dc438f6b4ca0aaa6a140d1db5d3","INTP","Online Test","ESFP","Female","respiratory therapist","ISTJ","Male","construction","High School","ESFJ","Male","","safety inspector ",32,16,4,1,1,1,"ESFP",34,"Female","Female","","E0",NA,"capricorn","No college ","Christian","Republican Party","Libertarian ","None","General Management ","Reading fiction, consuming information, listening to podcasts","Retaining information","Finding a passion",2,10,2,"English, science, history","Science","Sewing ","Economics ","ADHD","Therapist","",8,1,"2017-04-06 15:19:15","2017-04-06 15:26:28","ee30d2c5d0","Primary Sexuality","0"
"107","9fe3482ba198ae478b5bf13a6df078f8","INTP","Online Test","ENFJ","Female","teacher","INTP","Male","electric technician","in a party","ENFP","Male","","zoo keeper",27,10,6,0,0,0,NA,24,"Female","Female","","D1",111,"gemini","in hungary 5 is the best i got 4","Christian","Libertarian Party","maybe liberal something","healthcare, but i hate it","i am not a professional in any field :(","reading, codeing, play games online/table games","mega honest and loyal","fit in a new community",8,7,6,"biology","biology, art classes","mathematics, fizics","ethic, philosophy, art","None",NA,"",8,1,"2017-04-06 16:03:57","2017-04-06 16:16:16","e9f5b77bf9","Secondary Sexuality","1"
"108","9c98498ffa97038b3458ff507986b6af","INTP","Online Test","ENFP","Female","teacher","INTP","Male","accountant ","n/a",NA,"","","",NA,NA,NA,NA,NA,NA,NA,32,"Female","Female","","E0",NA,"pieces","Master's degree ","Christian","Republican Party","Libertarian","PT","PT ","Reading, travelling, computer ","I can write in mirror image ","Anything with hair",8,9,4,"English, science, psychology ","Anatomy, English, Spanish","Economics","Other languages","I probably have ADHD","Self","",3,1,"2017-04-06 23:12:57","2017-04-06 23:29:21","529d765bea","Primary Sexuality","0"
"109","ee0ae26cd4a1767cf96d90793a7aa683","ENTP","Self","INFP","Female","accountant","ESTJ","Male","manager","Online through blogging","INTP","Male","","runs his own company",42,14,13,1,1,0,NA,37,"Female","Female","","E2",NA,"leo","Bachelor's","Atheist","I'm mostly liberal but not from US","","Writing/Editing","IT","Reading/writing, watching tv, weightlifting","Giving advice","Seeing something through",5,8,4,"History, Geography, English, Science","History, Geography, English, Science, Home Econ, Gym","","Philosophy","Depression, Bi-polar, BPD","Therapist","",1,1,"2017-04-05 01:30:05","2017-04-07 00:02:44","d2e3ba8b69","Primary Sexuality","2"
"110","35c86dc405c3c854d0961159ef8f5fc9","INTP","Online Test","ESTJ","Female","busines mananger","ISFP","Male","seller","",NA,"","","",NA,NA,NA,NA,NA,NA,NA,28,"Female","Female","",NA,NA,"scorpio","No collage ","Christian","Democratic Party","","Office support","","Reading books","Remembering all kind of information","Feelings",8,6,5,"Lenguage","Lenguage","Biology","Music","",NA,"",1,1,"2017-04-07 05:25:38","2017-04-07 05:34:52","9d9b2df8b8",NA,NA
"111","4861d8de73b1d0b19fc0d03560cff934","INFJ","Online Test","ISFP","Female","retired","ISTP","Male","deceased","","INTJ","Male","","",27,3,2,0,0,NA,"ESFP",36,"Female","Female","",NA,NA,NA,"AAS","Christian","","","","Technical","Learning, Reading, writing, programming","","",8,8,8,"Psychology, English","Biology, Chemistry","Chemistry","Programming, Japanese","None",NA,"",1,1,"2017-04-08 20:26:18","2017-04-08 20:32:39","2db4beb2bd",NA,NA
"112","fb1bef88119ca44adca6416f376ecb2e","INTP","Online Test","ESFJ","Female","civil servant","ISTP","Male","architect","",NA,"","","",NA,NA,NA,NA,NA,NA,NA,18,"Female","Female","","E0",NA,"cancer","N/A","Christian","","","","","Reading fiction","Being a critic","Adjusting to social situations",7,8,5,"Biology, English, French, Accounts","Biology, French, Math,","","Greek, Music","",NA,"",6,1,"2017-04-09 20:31:19","2017-04-09 20:43:38","e151d4373b","Primary Sexuality","0"
"113","e2fcc97843033973fbfcb8ffee02c7ee","INFJ","Online Test","INTJ","Female","retired","","","","",NA,"","","",NA,NA,NA,NA,NA,NA,NA,33,"Male","Male","","E6",130,"libra","","Panentheism","Green Party","Green Party","Information Technology","Hotel Management ","With friends. Video Games. Researching.","Reading people.","Keeping my emotions in check.",8,5,8,"Computer Applications, Math, ","Biology, Computer Applicatoins","Science","","ADHD, OCD, Seasonal Affective Disorder.","Medical","",4,1,"2017-04-09 20:48:46","2017-04-09 20:55:22","f744edb241","Primary Sexuality","6"
"114","f6ebdc9913dcd2c59a1bd5f253c5fce9","INTP","Online Test","INFP","Female","teacher","ENFJ","Male","pastor","",NA,"","","",NA,NA,NA,NA,NA,NA,NA,30,"Male","Male","","B0",130,"pisces","bachelors","Christian","Democratic Party","libertarian","information technology","information technology","reading,programming,tv","bicycling","math",5,7,6,"history","history","math","latin","","Medical","",5,1,"2017-04-10 04:11:29","2017-04-10 04:17:36","779a9352e9","Romantic Asexuality","0"
"115","4221b0b530be34f302174e3aca1a95ad","INTP","Online Test","ISTJ","Female","writer ","INTJ","Male","navy ","Online ","INTJ","Male","","writer",29,1,0,0,0,0,NA,40,"Female","Female","","D1",130,"cancer","N/a","Lucifarian ","Republican Party","Republican ","Health care ","Health care ","Reading fiction, travel, politics ","Organization ","Decision making ",5,8,4,"English ","World history ","French ","Astronomy ","None",NA,"",3,1,"2017-04-10 15:28:11","2017-04-10 15:42:01","c9285155ce","Secondary Sexuality","1"
"116","1b08733d5d123faf1eecd887e1a5adb6","INTP","Online Test","","Female","lawyer","","Male","retired","School","INFJ","Female","","student",26,8,8,0,1,NA,NA,26,"Male","Male","","E1",NA,"libra","BA","Pantheist","SPUSA","SPUSA","Biology","Sales","Hiking/Camping, Gardening, Reading","","",3,10,7,"Science, Art, English","Science, Film","Math","Art","None",NA,"N/A",0,1,"2017-04-10 15:45:08","2017-04-10 15:50:37","23ca5bcb8a","Primary Sexuality","1"
"117","b8aaefdad7585173157aaaf6479ed3d1","INTP","Authority","ISFJ","Female","teacher","ESTP","Male","teacher","At college","ENTJ","Male","","upper management (vice president)",52,32,32,1,1,4,NA,52,"Female","Female","","EO",139,"taurus","Elementary Education","Christian","Republican Party","Libertarian","Homemaker","Editor","reading fiction, watching comedy, organizing things","leading a group","mental math",7,7,6,"English, history","English, history","I always paid attention","Drama","None",NA,"",1,1,"2017-04-10 15:44:56","2017-04-10 16:05:32","6b5ea5fbf2","Primary Sexuality","0"
"118","c564167e17bd08d6ae52fd9c069e0b71","INTP","Online Test","ENFP","Female","stay at home mother","INTP","Male","computer ingener","Freind","INFP","Female","","teatcher",34,3,3,1,1,1,NA,32,"Male","Male","","E0",131,NA,"Certificat","Christian","","","Sale","Logistic","Outdoor","Read mine","Wrigth",9,9,9,"Math","Matt","","French","None",NA,"",1,1,"2017-04-10 16:02:34","2017-04-10 16:19:04","4ddc4f7ac4","Primary Sexuality","0"
"119","e63f9cbccf62a045c368125b612d3358","INTP","Online Test","ENFP","Female","chemist","INTP","Male","entrepreneur","",NA,"","","",NA,NA,NA,NA,NA,NA,NA,25,"Female","Female","",NA,NA,"cancer","B.A. Chemistry","Christian","Democratic Party","Libertarian","Building Science","Biology","reading, writing, music","inventing","taking showers",8,10,9,"reading, literature, science","science","","","None",NA,"",1,1,"2017-04-11 06:05:40","2017-04-11 06:15:39","c603019f92",NA,NA
"120","fcba9459e25f8b3e50ee2a7c2330b700","INTP","Self","ISTP","Female","administration ","ISFJ","Male","engineer","",NA,"","","",NA,NA,NA,NA,NA,NA,NA,31,"Male","Male","","E0",120,"pisces","N/A","Agnostic","I'm not American","","Administration ","Logistics ","Watching movies, playing video games, being obsessed about something","","Socializing ",2,3,0,"History","History","None","","",NA,"",0,1,"2017-04-11 08:59:40","2017-04-11 09:10:55","fd37dfe20c","Primary Sexuality","0"
"121","301ad84ffd18494861557c0254fa6ad5","INTP","Therapist","INFJ","Female","poland","ENFP","Male","poland","in work","ISTJ","Male","","poland",29,1,1,0,1,0,NA,27,"Female","Female","","E2",NA,"capricorn","master","undefined","not intrested in politics","","advertiser","enterprenuer, advertiser","enjoying the silience in forest, reading books, extra courses/ workshops ","good at public speaking","put ideas into reality",6,7,5,"all at the same level","I was good at everything, maths, physics, literature... all. ","noone","I wishes for philisphy classes and they weren`t in my program. But I got permision to attend. ","None",NA,"",5,1,"2017-04-11 10:15:31","2017-04-11 10:28:08","8965fcceb9","Primary Sexuality","2"
"122","b42b9f6f84e775695abb9ee8901493ad","INTP","Online Test","ESFP","Female","community support worker ","INTP","Male","business analyst ","N/A",NA,"","","",NA,NA,NA,NA,NA,NA,NA,21,"Male","Male","","B3",134,"virgo","Bachelor of Applied Science  (in progress)","Atheist","","","Teaching","Teaching ","Reading, listening to music, working on Raspberry pi projects","Learning languages ","Devising a schedule and sticking to it",10,9,10,"Math, physics ","Math, Spanish ","Chemistry, biology ","Psychology ",NA,NA,"",8,1,"2017-04-11 15:50:56","2017-04-11 16:09:10","b0f12eda91","Romantic Asexuality","3"
"123","a5582a054276c8002e6b3472c341b3cd","INTP","Online Test","INFP","Female","house wife","INTP","Male","corporate executive ","Through a mutual friend","ENTP","Male","","disabled vet",35,18,18,1,1,0,NA,36,"Female","Female","","E1",NA,"taurus","B.S. Business Management ","Christian","Democratic Party","Democrat","Hospitality","Retail management","Watching tv, hiking, writing","?","No anomalies",9,9,8,"Science and math","History","English / Grammer","Debate","ADD, Anxiety, acute depression, boarderline dyslexia","Medical","",8,1,"2017-04-11 16:24:24","2017-04-11 16:43:03","2679dba294","Primary Sexuality","1"
"124","549afdff71433fa84bbc3dcc05de26ce","INTP","Online Test","ISTJ","Female","housewife","INTP","Male","director","",NA,"","","",NA,NA,NA,NA,NA,NA,NA,22,"","Female","","D3",NA,"cancer","Bachelor's","Agnostic","Independent","","Engineering","Engineering","Reading fiction, drawing, watching anime","reading people","persuasive writing",9,9,10,"mathematics","history","languages","philosophy","depression","Self","",0,1,"2017-04-11 17:31:11","2017-04-11 17:41:15","a42b4c9346","Secondary Sexuality","3"
"125","7d4a338e5eed144e6cf85d94185f292a","INTP","Authority","ISFJ","Female","","INTJ","Male","schoolteacher","through work","ISFJ","Female","","healthcare worker",47,11,11,0,1,2,NA,43,"Male","Male","","E2",140,"virgo","PhD","Agnostic","I don't live in the US","I don't live in the US","Education","Education","reading, exercising, walking","singing","nothing",9,7,9,"English","English","Physics","philosophy","None",NA,"",0,1,"2017-04-12 14:48:28","2017-04-12 14:52:09","3e9c669ad9","Primary Sexuality","2"
"126","00844e8a2548d5492653652b73601fc0","INTP","Online Test","INTJ","Female","business","ENFP","Male","builder and working with horses","in my home","INTJ","Male","","machine and jcb driver",44,11,11,1,1,0,NA,37,"Female","Female","","D1",NA,"sagittarius","Business Admin","Pagan","Not registered with any party, I am not American.","I am more a left leaning libertarian..I suppose I would have beliefs similar to Green party","Unemployed","Office Admin ","Reading books, writing letters, photography, watching movies, art.","remembering facts after reading them.","socialising",3,8,2,"History, English, Business, Art, Physics.","Art, History and English.","Maths probably.","Latin, Russian, Classics","Cyclothymia, Anxiety, Depression, Social Anxiety.","Medical","",7,1,"2017-04-12 20:16:19","2017-04-12 20:30:51","cab8ba6240","Secondary Sexuality","1"
"127","f6a99fdcb22ac75a5c8d7e78a512c1a7","INTP","Self","INTJ","Female","household","INSP","Male","informatician","",NA,"","","",NA,NA,NA,NA,NA,NA,NA,17,"Male","Male","","E0",181,"cancer","N/A","Atheist","I am an Anarchist, I am not affiliated wit any political organisation. I despise any form of self-claimed government","No party aligns with my beliefs","Political Sciences and Arts","Arts","Being alone, reading, creating or hanging out with my few and close friends","Manipulating others and seeing through them","being empathic and feeling compassion for random people",4,7,6,"History, Arts, Philosophy, Foreign Languages","Philosophy, Arts, Foreign Languages, History","Mathematics, English","Psychology","Light Social Anxiety, Extreme Lazyness","Self","",1,1,"2017-04-13 02:14:38","2017-04-13 02:26:13","80d6055691","Primary Sexuality","0"
"128","fffefe5f47f7cef66d55dfda89f6d1ec","INTP","Online Test","INFP","Male","teacher","ENTP","Female","teacher","",NA,"","","",NA,NA,NA,NA,NA,NA,NA,34,"Female","Female","","E0",NA,"aires","MDiv","Christian","Republican Party","","minister","minister","reading, hiking, climbing","cooking","conversation ",6,6,5,"History","history","math","home ec"," no",NA,"",2,1,"2017-04-16 00:48:53","2017-04-16 00:59:30","5bf2594f29","Primary Sexuality","0"
"129","91bf517815388c4bb99abcb52c0de4d2","INTP","Self","ESFP","Female","school counselor","INTP","Male","records keeper","",NA,"Male","","",NA,NA,NA,NA,NA,NA,NA,25,"Female","Female","",NA,NA,"scorpio","BA","Christian","Republican Party","","Procurement","Customer service","Reading, relaxing, crafting","Creeping","School",8,7,8,"Math, psychology ","Philosophy","Bible","Math, English ","",NA,"",7,1,"2017-04-16 03:34:43","2017-04-16 03:44:55","f2ec9904cc",NA,NA
"130","ac7083e345d926679bbb81400e660a7f","INTP","Therapist","ISFJ","Female","school psychologist","ISTJ","Male","budget analyst","Traveling in New Zealand","ISFP","Female","","student",21,2,1,0,1,NA,NA,28,"Female","Neither","","E5",NA,"gemini","B.S. Media Arts","Agnostic","Democratic Party","Not sure","Web development","Web development","Reading business books, fine arts photography, travel","Empathy","Memorizing formulas",3,2,8,"Classes with critical thinking skills","Art, literature","Algebra","Additional languages, cultural courses","Severe anxiety, depression","Therapist","",7,1,"2017-04-16 09:08:53","2017-04-16 09:18:09","c668a5f03e","Primary Sexuality","5"
"131","c58e4d7b1b5881b71bc69fc9f242aca0","INTP","Online Test","ISFJ","Female","scientist","INTP","Male","professor","online","ENTP","Male","","student",18,1,1,0,0,0,NA,17,"Male","Male","","D6",140,"taurus","Philosophy","Agnostic","Libertarian Party","Liberatiran","student","photography and music","learning, playing music, photography","cooking","math",8,7,5,"Math, history","history and math","english","philosophy, anatomy","depression, eating disorder","Self","",1,1,"2017-04-17 01:36:39","2017-04-17 01:42:15","1269b416f7","Secondary Sexuality","6"
"132","1463af8da7b768ee6db4dfe0cb3b0cf4","INTP","Online Test","INTJ","Female","banker","ESTJ","Male","police officer ","Through a Friend ","INFJ","Female","","case manager",30,4,3,1,1,2,NA,31,"Male","Male","",NA,160,"vergo","Bachelors","Atheist","Libertarian Party","Libertarian ","Business ","Intelligence ","Reading, learning, thinking","Dealing with people","Earning money ",5,10,7,"Philosophy ","Philosophy ","None",NA,"Anxiety, PTSD, Dislexia ","Medical","",10,1,"2017-04-17 21:25:15","2017-04-17 21:35:35","994103dd10",NA,NA
"133","b48774fd092c849c7b5320a37cbfbadc","INTP","Online Test","ENFP","Female","teacher","ISTP","Male","electrical engineer","through a friend","INFJ","Male","","student",20,1,0,0,0,NA,NA,19,"Female","Female","",NA,NA,"gemini","N/A","Atheist","","","","","","","",5,8,9,"science","science","latin","russian","",NA,"",0,1,"2017-04-17 22:36:00","2017-04-17 22:52:18","ddbda4fea6",NA,NA
"134","e850b272313232bda79fa976714ac9fa","INTP","Online Test","","Female","secretary","","Male","entrepreneur","",NA,"","","",NA,NA,NA,NA,NA,NA,NA,25,"Female","Female","","E0",NA,"virgo","PhD","Agnostic","","","Student","Archaeology","reading, watching movies, being in nature","Enjoying being alone","don't be able to find someone to live with",7,9,5,"history","history","mathematics","","",NA,"",1,1,"2017-04-18 00:20:29","2017-04-18 00:29:23","961a6750d3","Primary Sexuality","0"
